Merchant Name,Warehouse
AAIONET Connectivity GmbH,BER
AMA Studios GmbH,BER
AVA & MAY,BER
AZALA GOURMET,BER
Adonis Foods,BER
Aleck,BER
Allseven,BER
Altrion GmbH,BER
Ambioph,BER
Ancora Pacific GmbH,BER
Anita Hass,BER
Ankerherz Verlag GmbH,BER
Appinio,BER
Artem Oral Care GmbH,BER
Athletes Eyewear,BER
Atlea GmbH,BER
Authentic Ayurveda d.o.o.,BER
Ayawa,BER
B FNKY,BER
BER3 Default Delivery Rules,BER
BODY IP Nutrition,BER
BORA,BER
Babycar,BER
Baroni Home DE,BER
Beba Toys GmbH,BER
Better Performance,BER
Beyond Drinks GmbH,BER
Biostarks,BER
Biotulin,BER
Bluedenta,BER
Boodies GmbH,BER
Boonds,BER
Brandkitchen GmbH,BER
Buffood,BER
Buttz,BER
CASALEO,BER
CYCLITE,BER
CZTL,BER
Calisi Beauty,BER
CamboGolf Enterprises Ltd,BER
Caye,BER
Centropy Lights UG,BER
Cercade,BER
Charles,BER
Coaching Cards,BER
Cohorted,BER
Comfort Click,BER
Compass Desarrollo de Negocio SL,BER
Court 7 GmbH,BER
Crack List,BER
Craft Circus GmbH,BER
Creator Journal,BER
CureTape,BER
Cygnus Atratus,BER
DIE RINGE,BER
DUEROS,BER
Daily Exclusiv Cosmetics GmbH,BER
Daniel Woik (Olivsen),BER
DayOne,BER
DeleteDelete,BER
Djuce,BER
DockATot,BER
Dr. Emi,BER
Dr. Massing,BER
EH,BER
EVERLESS,BER
Embelly,BER
Enmasse Nutrition,BER
Eoleaf,BER
FACTS,BER
FC Viktoria Berlin,BER
FEATHERSHADE,BER
FITJEANS AS,BER
FSB GmbH,BER
Facial Room Skincare GmbH,BER
Fantastic Frames,BER
Fantom,BER
Feli,BER
Flavona,BER
Fraisie,BER
Freshenup Wipes OÜ,BER
Fruehlingszwiebel,BER
GIVO Group B.V.,BER
GROW WITH ANNA,BER
Gaudy-Foods (Milano Vice),BER
Gava,BER
Glucose Goddess,BER
Glücks Krone,BER
Goldies Worldwide GmbH,BER
Good Day Sunshine,BER
Gymbud,BER
Gymondo-onlineshop,BER
HAFERLÖWE,BER
HOJ,BER
Habbys,BER
Hairoine,BER
Harvest Republic GmbH,BER
Hashtag You,BER
Hatwebtrade,BER
Hawlik,BER
Hayden Hill,BER
Health Bar,BER
Health and You,BER
Hedoine,BER
Hej Nika,BER
Hello Inside,BER
Heria,BER
Hive Fulfillment Supplies,BER
Hive Standard Material,BER
HomageSpot,BER
Honigprinz,BER
Horl,BER
Hunter & Gather Foods,BER
Hydraid,BER
ICLC Academy,BER
Ingarden,BER
Inkster,BER
Into Life,BER
Jodora,BER
KAA Supplements,BER
KIBGame,BER
KatKare,BER
Kekz,BER
Kernpunkt Connect UG,BER
Klaeny,BER
Klarheit,BER
LEZU,BER
LIFETIME,BER
Ladneri GmbH,BER
LediBelle (Appenzeller),BER
Lethem Bros & Mellin GmbH,BER
Lily & Loaf International Ltd,BER
Little Casimir UG,BER
Living Root,BER
Lotuscrafts GmbH,BER
Lumond,BER
Lybbie,BER
MagicHolz,BER
Mansa's,BER
Mastri di San Basilio,BER
Masulo,BER
Matcha Plus,BER
Matchday Nutrition,BER
Medical Inn,BER
Meina Naturkosmetik,BER
MetaFlow,BER
Mikito,BER
MiniVet,BER
Mittelweser Heilquellen,BER
Mohei Tea,BER
Montaray,BER
Mooniq,BER
MyBodyAdvice,BER
MyClarella,BER
Mydubai,BER
NAWAH,BER
NYTE,BER
Namilia,BER
Nanahoa,BER
Natch,BER
Natüür (Azadivine GmbH),BER
Neurobites,BER
Nevia Biotech srl,BER
Nivobox,BER
NoDi GmbH,BER
Nolte Küchen,BER
Nordlust,BER
Nordmut,BER
Nutrientify,BER
Nutrigums,BER
Nürburger Hund & Wild,BER
ORGNZ,BER
ORS Hydration,BER
OYL Foods,BER
Ombru.me,BER
Onors,BER
PLEON,BER
PURMEO,BER
Patronus,BER
Perform+,BER
Phiala,BER
Plantsalt,BER
Pomelo,BER
Portsea Fans,BER
Power Sprotte,BER
ProDGtal,BER
PunchFit,BER
Punky Pins Trading LTD,BER
Purish Marketplaces,BER
QuickplaySports DE,BER
REPEAT Global,BER
ROAM,BER
Rawstar LTD,BER
Remi Health (Churned),BER
Remus Nation,BER
Revitalash,BER
Rookie Baby,BER
Rosental Organics,BER
S&K Shop,BER
SGIN Cosmetics,BER
SHAVENT OLD,BER
SHYNE,BER
SPL Premium Nutrition,BER
SZ Distribution Ltd,BER
Samthus,BER
SanaExpert,BER
Sanate,BER
Savana,BER
Sawyerbikes,BER
SelfDecode,BER
Senyana GmbH,BER
Shavent,BER
Shopcelerate,BER
Sisters Republic,BER
Skinny Dip,BER
Snuggle Me Organic Europe,BER
Soulhouse,BER
Spark Up,BER
Sphinx,BER
Sternzeichen Arzt,BER
Studio Pranique,BER
Supplenatura Rheinland,BER
Sutraa,BER
Swifiss,BER
SwissVitalWorld,BER
Tapmates,BER
The Fifty Five,BER
The Official Hive Store,BER
This Place,BER
Triggerdinger,BER
TrueGum,BER
Trunki,BER
VYBE,BER
Vanillekiste,BER
Vedix,BER
Venna,BER
Ventra,BER
VerPackArt GmbH,BER
Vertellis,BER
ViBo GmbH,BER
Viari,BER
Vitality Now,BER
Viva Maia,BER
Vivi,BER
WP Energy Sniff,BER
WWF,BER
Wantalis,BER
WarMag,BER
Waschies,BER
We Are Naturals,BER
Weber & Weber,BER
Williamify,BER
X6 Innovations SAS,BER
XOUXOU,BER
YY VERTICAL SAS,BER
Yamnaya,BER
Yummyeats -Smarter Choices GmbH,BER
Zola Nutrition,BER
biogrine,BER
blueocean ind.,BER
calm-don,BER
ela mo,BER
halm-club,BER
hörtm,BER
kamo Labs GmbH,BER
markEU,BER
matcharepublic,BER
maxsquare GmbH,BER
nouxx,BER
obics,BER
objective nutrition,BER
reeleef,BER
rvdag.com,BER
spomedis GmbH,BER
sun matters,BER
sweet spot,BER
terra peak,BER
thebettercat,BER
tropical superfoods,BER
wonderhealth.de,BER
Akoma Skincare Limited,POZ
BANANA BEAUTY,POZ
Be TakeOff,POZ
Besser im Glas,POZ
Bevas,POZ
Biotulin,POZ
BonaTea GmbH,POZ
Boodies GmbH,POZ
Buycycle,POZ
EARLY GmbH,POZ
Edubini,POZ
FACTS,POZ
Femipure,POZ
GenussBerlin,POZ
HOLY CURLS LTD,POZ
HOLY Softdrinks GmbH,POZ
Happyglam,POZ
Happymami Lactancia,POZ
HelloBody,POZ
Hive Standard Material,POZ
Ipanema Beauty,POZ
Jacks Beauty Line,POZ
KERAZUL,POZ
Lefaya,POZ
Lunette Sp z.o.o.,POZ
Mermaid+Me,POZ
My Rapunzel,POZ
NIRA,POZ
NYTE,POZ
Neurobites,POZ
Nordmut,POZ
Nordpure,POZ
Numb Global,POZ
OYL Foods,POZ
Onlyfresh,POZ
POZ1/2 Default Delivery Rules,POZ
Pick'em Gmbh,POZ
Power Adapter Warehouse,POZ
Remi Health GmbH,POZ
Rosental Organics,POZ
SAMPHIRE NEURO,POZ
SHEKO,POZ
Salted GmbH,POZ
Seranova Beauty,POZ
Sophie Rosenburg,POZ
Spillfabrikken,POZ
TIOB GmbH,POZ
Tallow,POZ
Tandm,POZ
The Liver Clinic,POZ
The Official Hive Store,POZ
Uclips,POZ
Vertellis,POZ
Vetain,POZ
WeColour B.V,POZ
Within mood,POZ
Wondersmile GmbH,POZ
WorkDeco AB,POZ
Yelicious,POZ
Yours,POZ
Yuicy,POZ
Yummyeats -Smarter Choices GmbH,POZ
felmo gmbh,POZ
litelok,POZ
mybacs,POZ
obics,POZ
teethlovers,POZ
vetevo GmbH,POZ
BeKeto,POZ
Bevas,POZ
Blue Farm,POZ
Buycycle,POZ
Color Partners Sl,POZ
Edubini,POZ
Fruggies,POZ
HOLY Softdrinks GmbH,POZ
Happymami Lactancia,POZ
Heimatgut GmbH,POZ
HelloBody,POZ
Hive Standard Material,POZ
Hydraid,POZ
INKON,POZ
Ipanema Beauty,POZ
Jacks Beauty Line,POZ
KERAZUL,POZ
Kess Berlin,POZ
LAB46 GmbH,POZ
Lefaya,POZ
Mermaid+Me,POZ
Moya Europe,POZ
Mutimer UK LTD,POZ
My Rapunzel,POZ
Neurobites,POZ
Onors,POZ
PHARMA INTEGRATORI,POZ
Pick'em Gmbh,POZ
Power Adapter Warehouse,POZ
Rosental Organics,POZ
SAMPHIRE NEURO,POZ
SHEKO,POZ
Salted GmbH,POZ
Sophie Rosenburg,POZ
Spillfabrikken,POZ
TIOB GmbH,POZ
Tandm,POZ
Vertellis,POZ
Victorioso Nutrition GmbH,POZ
Virtus Ventures BV,POZ
Wesalys,POZ
Wondersmile GmbH,POZ
WorkDeco AB,POZ
era mio GmbH,POZ
halm-club,POZ
litelok,POZ
mybacs,POZ
teethlovers,POZ
vetevo GmbH,POZ